"first_names","math_grades","spanish_grades","grade_diff","better_at_math"
"Student 1",93.264864058715,79.5768982241608,13.6879658345542,TRUE
"Student 2",66.2756967129145,92.2297662212181,-25.9540695083036,FALSE
"Student 3",88.0218433388337,98.5040667924409,-10.4822234536072,FALSE
"Student 4",93.4531585577353,91.5604265980521,1.89273195968329,TRUE
"Student 5",90.458676735942,86.2220777365638,4.23659899937822,TRUE
"Student 6",92.3343002025176,100,-7.66569979748243,FALSE
"Student 7",91.3778700017535,75.4022328291849,15.9756371725685,TRUE
"Student 8",90.4851716103734,71.7278704242843,18.7573011860892,TRUE
"Student 9",89.7520004408441,82.3187111349032,7.43328930594086,TRUE
"Student 10",94.2898541732555,81.0371369280109,13.2527172452446,TRUE
"Student 11",82.0135694559035,84.2856805343683,-2.27211107846482,FALSE
"Student 12",95.3118235500934,100,-4.68817644990663,FALSE
"Student 13",80.2619006305456,95.6028625839795,-15.3409619534338,FALSE
"Student 14",98.3175366225816,81.0190149603031,17.2985216622786,TRUE
"Student 15",79.0376970062399,65.5430227831598,13.4946742230801,TRUE
"Student 16",84.8404408549852,75.0233131581912,9.81712769679396,TRUE
"Student 17",78.6546185063034,79.4380946799877,-0.783476173684321,FALSE
"Student 18",90.152420851598,99.2121025284742,-9.05968167687618,FALSE
"Student 19",99.1385742578818,67.9471104270525,31.1914638308293,TRUE
"Student 20",89.5421856016977,94.6188927277701,-5.07670712607236,FALSE
"Student 21",88.898949938937,87.9289835507309,0.969966388206075,TRUE
"Student 22",83.1167058973914,83.3559166453819,-0.239210747990526,FALSE
"Student 23",94.9490878760057,84.6541578300938,10.2949300459119,TRUE
"Student 24",65.8365099070199,69.1087141716845,-3.27220426466465,FALSE
"Student 25",92.1738877610656,82.3310637406154,9.84282402045022,TRUE
"Student 26",90.4842988837255,84.2430436536616,6.2412552300639,TRUE
"Student 27",79.0761992759935,91.3151536129992,-12.2389543370058,FALSE
"Student 28",79.1447245684732,86.4453725994784,-7.30064803100518,FALSE
"Student 29",94.7168711203876,70.2659688845664,24.4509022358212,TRUE
"Student 30",87.3131728928077,74.0177847594065,13.2953881334011,TRUE
"Student 31",64.5878458545097,100,-35.4121541454903,FALSE
"Student 32",73.501049097019,70.5943509166008,2.90669818041822,TRUE
"Student 33",81.3128017617947,88.3703855241382,-7.05758376234348,FALSE
"Student 34",72.3965264127693,94.0592861992433,-21.662759786474,FALSE
"Student 35",90.5208172484971,76.9863069414135,13.5345103070836,TRUE
"Student 36",82.820570814077,90.5142202323966,-7.69364941831962,FALSE
"Student 37",89.4724681686031,99.1102965840564,-9.63782841545328,FALSE
"Student 38",91.2699550711577,99.9678547722755,-8.69789970111785,FALSE
"Student 39",86.7141020768533,83.1074868893048,3.60661518754848,TRUE
"Student 40",90.5819418859643,100,-9.4180581140357,FALSE
"Student 41",83.4653296344718,85.2511412565698,-1.78581162209795,FALSE
"Student 42",93.5374448573263,81.6281357001983,11.909309157128,TRUE
"Student 43",80.8369449288073,76.6007481093166,4.23619681949073,TRUE
"Student 44",76.9518197988205,88.8545660628741,-11.9027462640536,FALSE
"Student 45",70.1496087232987,85.3354569907127,-15.1858482674141,FALSE
"Student 46",92.9467737980407,100,-7.05322620195935,FALSE
"Student 47",89.4867393835282,87.3692761429486,2.1174632405796,TRUE
"Student 48",82.2155028226938,81.6372412079142,0.578261614779592,TRUE
"Student 49",92.1171552793883,79.800415200142,12.3167400792464,TRUE
"Student 50",86.6184694213858,59.8045752045843,26.8138942168016,TRUE
"Student 51",80.7711865655652,65.5539697023076,15.2172168632576,TRUE
"Student 52",89.9106558507,79.6359036852076,10.2747521654924,TRUE
"Student 53",88.1430559201361,78.6049021717431,9.538153748393,TRUE
"Student 54",100,83.1105428537293,16.8894571462707,TRUE
"Student 55",97.3294151121857,71.928267658804,25.4011474533818,TRUE
"Student 56",83.2623536747114,91.9352568927202,-8.67290321800886,FALSE
"Student 57",72.9982262067192,78.3111201604941,-5.31289395377493,FALSE
"Student 58",80.2231734004861,71.394229723021,8.82894367746502,TRUE
"Student 59",100,92.655855423996,7.344144576004,TRUE
"Student 60",84.7038687154387,92.8820546213613,-8.17818590592267,FALSE
"Student 61",79.712563450951,80.8913478164181,-1.17878436546711,FALSE
"Student 62",91.0380722145016,88.4651376897076,2.57293452479398,TRUE
"Student 63",72.4590985660031,76.025456083444,-3.56635751744091,FALSE
"Student 64",89.6874287401306,79.4553791153803,10.2320496247503,TRUE
"Student 65",93.6946637530268,80.0263472127696,13.6683165402572,TRUE
"Student 66",97.7351700685666,66.2562768860774,31.4788931824892,TRUE
"Student 67",77.1927019616607,97.249352950137,-20.0566509884763,FALSE
"Student 68",66.9706836807401,68.4505208717326,-1.47983719099251,FALSE
"Student 69",100,86.2778085616032,13.7221914383968,TRUE
"Student 70",82.4530939039161,94.3219058959576,-11.8688119920415,FALSE
"Student 71",95.2298156051958,72.4215164414443,22.8082991637515,TRUE
"Student 72",77.640819645616,100,-22.359180354384,FALSE
"Student 73",90.7841717079028,92.1536619316948,-1.36949022379197,FALSE
"Student 74",68.923298645505,83.1870178242598,-14.2637191787548,FALSE
"Student 75",88.344178809971,60.9372041732177,27.4069746367532,TRUE
"Student 76",79.4623492446486,69.2113221169222,10.2510271277264,TRUE
"Student 77",95.6862251733321,79.6611813981941,16.025043775138,TRUE
"Student 78",86.8180076005385,88.6273830923667,-1.80937549182821,FALSE
"Student 79",100,70.7096373082692,29.2903626917308,TRUE
"Student 80",93.8369253659257,77.8904531365195,15.9464722294062,TRUE
"Student 81",86.8039138044606,93.9134094649832,-7.10949566052261,FALSE
"Student 82",84.4599513891053,90.3513493187583,-5.89139792965302,FALSE
"Student 83",98.8433719440778,86.1333693061305,12.7100026379473,TRUE
"Student 84",83.4080854363514,100,-16.5919145636486,FALSE
"Student 85",90.8390872152365,99.7355617794565,-8.89647456422004,FALSE
"Student 86",100,77.7924328754952,22.2075671245048,TRUE
"Student 87",97.941228776792,89.5060867658,8.43514201099201,TRUE
"Student 88",79.7189928792111,94.148464819922,-14.4294719407109,FALSE
"Student 89",75.8485143644347,79.1352266598507,-3.28671229541594,FALSE
"Student 90",76.5392321477292,76.4008967747069,0.138335373022329,TRUE
"Student 91",84.2579258607347,98.1252241598907,-13.867298299156,FALSE
"Student 92",90.7672135852749,96.7733485481306,-6.00613496285573,FALSE
"Student 93",88.7729091104616,71.9419754339371,16.8309336765244,TRUE
"Student 94",86.0389273230072,91.8079078599895,-5.76898053698228,FALSE
"Student 95",75.6168294784965,80.0198920320146,-4.40306255351813,FALSE
"Student 96",95.9150068167523,73.0393590910074,22.8756477257449,TRUE
"Student 97",87.3166725401784,70.874531084584,16.4421414555943,TRUE
"Student 98",87.0003713703125,81.1039022127653,5.89646915754719,TRUE
"Student 99",96.5721923184227,100,-3.42780768157732,FALSE
"Student 100",98.5702657812489,73.5146404795449,25.055625301704,TRUE
"Student 101",74.288016468575,81.6586909333195,-7.37067446474447,FALSE
"Student 102",81.5916814414205,85.8580953016074,-4.26641386018687,FALSE
"Student 103",74.1217737260153,100,-25.8782262739847,FALSE
"Student 104",92.588978605258,97.695543750458,-5.10656514519999,FALSE
"Student 105",85.7919973261217,76.6517591889786,9.14023813714314,TRUE
"Student 106",94.5129728653492,71.8793106439467,22.6336622214025,TRUE
"Student 107",79.0327045320019,81.0579822330705,-2.02527770106855,FALSE
"Student 108",99.2382490182964,82.7494568696104,16.4887921486859,TRUE
"Student 109",84.9235334335741,81.3101630175396,3.61337041603453,TRUE
"Student 110",74.3775596250218,66.1928754873994,8.18468413762238,TRUE
"Student 111",98.6397364488614,87.4675679132424,11.1721685356191,TRUE
"Student 112",88.6016660445804,74.7013925172573,13.9002735273231,TRUE
"Student 113",93.4540779480685,96.657323908607,-3.20324596053848,FALSE
"Student 114",85.4859662000408,77.6994504255199,7.78651577452092,TRUE
"Student 115",97.2816347815883,78.4514854435667,18.8301493380216,TRUE
"Student 116",77.5974119164628,75.3541690125238,2.24324290393895,TRUE
"Student 117",90.2182394338356,86.6912869690025,3.5269524648331,TRUE
"Student 118",82.1113098335998,97.222817835947,-15.1115080023472,FALSE
"Student 119",93.4482671807458,97.3288526474824,-3.88058546673658,FALSE
"Student 120",94.3783416852552,83.6672796076471,10.711062077608,TRUE
"Student 121",82.8115721551461,90.2900154078853,-7.47844325273925,FALSE
"Student 122",97.7372875369223,88.564328781017,9.17295875590536,TRUE
"Student 123",72.2142304094206,100,-27.7857695905794,FALSE
"Student 124",84.9454174732523,95.0449357335496,-10.0995182602974,FALSE
"Student 125",92.5523776385088,66.4767069292011,26.0756707093077,TRUE
"Student 126",81.7763977772246,79.2996921756632,2.47670560156141,TRUE
"Student 127",100,98.7038734922446,1.29612650775545,TRUE
"Student 128",100,76.4342911269729,23.5657088730271,TRUE
"Student 129",84.4874827213357,90.6708224775454,-6.18333975620969,FALSE
"Student 130",92.4405208723408,97.688725949445,-5.24820507710412,FALSE
"Student 131",74.4992751390488,100,-25.5007248609512,FALSE
"Student 132",85.5860525533792,91.9734320819858,-6.38737952860666,FALSE
"Student 133",78.4314884858702,59.6017961078297,18.8296923780405,TRUE
"Student 134",100,100,0,FALSE
"Student 135",76.3178627511109,72.1409904940887,4.17687225702223,TRUE
"Student 136",78.3935584162624,69.3741274123163,9.01943100394601,TRUE
"Student 137",81.8490084164516,81.8599543925462,-0.0109459760945469,FALSE
"Student 138",97.1963553310563,80.5490267798608,16.6473285511955,TRUE
"Student 139",100,71.1503828444717,28.8496171555283,TRUE
"Student 140",90.3802202300329,87.7165866398727,2.66363359016016,TRUE
"Student 141",83.9020771923935,80.1163551008824,3.78572209151116,TRUE
"Student 142",99.2007261814072,65.9113662260318,33.2893599553754,TRUE
"Student 143",93.2492547523861,90.2496713539231,2.999583398463,TRUE
"Student 144",86.7789008134737,76.7635757566307,10.015325056843,TRUE
"Student 145",89.3201940269399,100,-10.6798059730601,FALSE
"Student 146",85.9028069917861,76.5171187421498,9.3856882496363,TRUE
"Student 147",100,88.7765381593817,11.2234618406183,TRUE
"Student 148",95.722585111075,68.3632809867157,27.3593041243593,TRUE
"Student 149",78.1168347475612,88.7336161521252,-10.616781404564,FALSE
"Student 150",100,68.6202403311571,31.3797596688429,TRUE
"Student 151",80.4791524128728,78.6846948366212,1.79445757625155,TRUE
"Student 152",91.4460333518416,89.9932313835373,1.45280196830426,TRUE
"Student 153",92.0706349948112,84.5999267230655,7.47070827174568,TRUE
"Student 154",100,81.3493419076269,18.6506580923731,TRUE
"Student 155",93.5942908337189,100,-6.40570916628107,FALSE
"Student 156",72.6402697094201,75.3207391073354,-2.6804693979153,FALSE
"Student 157",84.9025823972975,96.4565266441232,-11.5539442468257,FALSE
"Student 158",84.7725285533764,71.9507639948788,12.8217645584976,TRUE
"Student 159",69.8688467247476,97.7394671293022,-27.8706204045546,FALSE
"Student 160",100,87.3868287968734,12.6131712031266,TRUE
"Student 161",89.6164140882532,60.8654896808095,28.7509244074437,TRUE
"Student 162",86.824431595365,80.3056508182912,6.5187807770738,TRUE
"Student 163",93.2561619712442,100,-6.74383802875576,FALSE
"Student 164",91.0104897892568,87.9884194907916,3.02207029846527,TRUE
"Student 165",90.6865074472675,77.2049230264953,13.4815844207722,TRUE
"Student 166",82.037075581518,82.7541782479099,-0.717102666391895,FALSE
"Student 167",81.5353786945335,92.7725476243651,-11.2371689298316,FALSE
"Student 168",81.9162785393028,91.7296423577444,-9.81336381844164,FALSE
"Student 169",77.297644197572,92.6873590531305,-15.3897148555585,FALSE
"Student 170",84.2805165940163,76.234573676379,8.04594291763733,TRUE
"Student 171",100,68.8891886691046,31.1108113308954,TRUE
"Student 172",92.5577967283311,100,-7.44220327166886,FALSE
"Student 173",84.3497601229779,60.9810214078814,23.3687387150966,TRUE
"Student 174",79.5957835785689,79.6820106515831,-0.0862270730142143,FALSE
"Student 175",72.6181171155468,94.5184866107826,-21.9003694952359,FALSE
"Student 176",98.3247865796584,76.3410764414548,21.9837101382036,TRUE
"Student 177",73.672181175383,100,-26.327818824617,FALSE
"Student 178",83.0589889457993,81.8655701052537,1.19341884054562,TRUE
"Student 179",79.734703378717,97.6780182990702,-17.9433149203532,FALSE
"Student 180",90.3067032802379,81.9868254775266,8.31987780271129,TRUE
"Student 181",83.4990670274336,99.1001047028845,-15.6010376754509,FALSE
"Student 182",85.5205640944978,72.526373980636,12.9941901138618,TRUE
"Student 183",83.3458181734789,75.1221462386752,8.22367193480368,TRUE
"Student 184",97.9950496532905,75.7311567292267,22.2638929240638,TRUE
"Student 185",87.8284491677371,90.3620493119479,-2.53360014421082,FALSE
"Student 186",100,81.7988944224931,18.2011055775069,TRUE
"Student 187",92.8986431086911,100,-7.10135689130885,FALSE
"Student 188",77.9167823399666,68.717071273805,9.19971106616164,TRUE
"Student 189",93.5838173765303,78.758388180068,14.8254291964623,TRUE
"Student 190",95.3686638770333,80.6085486218337,14.7601152551996,TRUE
"Student 191",90.1322189169356,73.1949856752217,16.9372332417139,TRUE
"Student 192",77.5823741487172,88.5393352701489,-10.9569611214316,FALSE
"Student 193",96.0009226139085,87.6486643584473,8.35225825546115,TRUE
"Student 194",94.0878692079443,88.3618433976422,5.72602581030209,TRUE
"Student 195",87.3498005681766,89.0366932560594,-1.68689268788275,FALSE
"Student 196",100,76.0517344654005,23.9482655345995,TRUE
"Student 197",76.6299837893971,100,-23.3700162106029,FALSE
"Student 198",83.3229762633249,91.0399805547186,-7.71700429139372,FALSE
"Student 199",89.9767536015865,99.8512440169667,-9.87449041538018,FALSE
"Student 200",60.2051317708259,100,-39.7948682291741,FALSE
"Student 201",87.271976104758,60.4883920500985,26.7835840546595,TRUE
"Student 202",94.1931905788584,63.6224209283555,30.5707696505029,TRUE
"Student 203",90.0638627726562,72.8288983470765,17.2349644255797,TRUE
"Student 204",85.0247465354986,79.9944848058026,5.03026172969604,TRUE
"Student 205",100,100,0,FALSE
"Student 206",89.284523128747,78.9259923057928,10.3585308229542,TRUE
"Student 207",100,92.2369318719145,7.76306812808549,TRUE
"Student 208",83.636305814944,76.2187958308151,7.41750998412884,TRUE
"Student 209",100,92.2591779432127,7.74082205678729,TRUE
"Student 210",95.4765178775006,88.4742506801451,7.00226719735547,TRUE
"Student 211",83.9753665786088,81.8976512258706,2.07771535273814,TRUE
"Student 212",100,70.8370158135507,29.1629841864493,TRUE
"Student 213",90.0334296366816,95.6552288266076,-5.62179918992599,FALSE
"Student 214",84.826622733858,88.7894200696764,-3.96279733581842,FALSE
"Student 215",97.1440936919119,80.5322439675501,16.6118497243619,TRUE
"Student 216",92.1121120127284,100,-7.88788798727161,FALSE
"Student 217",82.7698766018198,98.5559600201546,-15.7860834183348,FALSE
"Student 218",77.3598934359752,78.6981069358629,-1.33821349988774,FALSE
"Student 219",92.1342712150487,66.8677965602808,25.2664746547678,TRUE
"Student 220",100,82.7328754760438,17.2671245239562,TRUE
"Student 221",100,73.8182924202132,26.1817075797868,TRUE
"Student 222",79.0612444627075,88.5516079801999,-9.49036351749244,FALSE
"Student 223",100,100,0,FALSE
"Student 224",77.2904717714025,87.7259198238719,-10.4354480524694,FALSE
"Student 225",90.5480142362195,100,-9.45198576378053,FALSE
"Student 226",85.9901754407583,100,-14.0098245592417,FALSE
"Student 227",78.6795783003674,73.8162388740947,4.8633394262727,TRUE
"Student 228",77.127267325708,59.3719760460539,17.7552912796541,TRUE
"Student 229",73.3485588847078,92.5973869362108,-19.248828051503,FALSE
"Student 230",79.208117399271,77.0894756195486,2.11864177972241,TRUE
"Student 231",72.9280563065554,98.6865469678336,-25.7584906612782,FALSE
"Student 232",85.1757772569059,73.188179884383,11.9875973725229,TRUE
"Student 233",96.1915844552629,93.7124576764418,2.47912677882108,TRUE
"Student 234",99.380857661032,66.055004935781,33.325852725251,TRUE
"Student 235",100,85.1204300016513,14.8795699983487,TRUE
"Student 236",74.3786540931375,92.5348957855849,-18.1562416924475,FALSE
"Student 237",78.6037443595548,82.5357852543396,-3.93204089478481,FALSE
"Student 238",84.7658172509421,84.2950335493927,0.470783701549337,TRUE
"Student 239",100,87.2503656782864,12.7496343217136,TRUE
"Student 240",85.8377973243378,77.458788114821,8.37900920951681,TRUE
"Student 241",100,84.5884847457958,15.4115152542042,TRUE
"Student 242",83.0332778170532,80.4265375042846,2.60674031276861,TRUE
"Student 243",92.957311816518,84.9226667089774,8.03464510754057,TRUE
"Student 244",100,82.6590916269795,17.3409083730205,TRUE
"Student 245",97.2133440168654,87.5288794705015,9.68446454636391,TRUE
"Student 246",100,89.2992095717996,10.7007904282004,TRUE
"Student 247",65.7955883894869,72.3332862108884,-6.53769782140145,FALSE
"Student 248",83.6991446600016,72.1444579727325,11.5546866872691,TRUE
"Student 249",91.8412766627816,52.8367759832041,39.0045006795775,TRUE
"Student 250",92.4132377347193,86.7504448453396,5.66279288937972,TRUE
"Student 251",83.6567376063884,100,-16.3432623936116,FALSE
"Student 252",85.8564349002749,91.513569243013,-5.65713434273803,FALSE
"Student 253",67.6953246852675,94.4287099625448,-26.7333852772772,FALSE
"Student 254",88.4049390923987,72.5388764199094,15.8660626724893,TRUE
"Student 255",96.2177250227204,63.3257591896131,32.8919658331073,TRUE
"Student 256",86.3189356088719,99.304494750805,-12.9855591419331,FALSE
"Student 257",93.2456461125477,86.6270303636923,6.61861574885538,TRUE
"Student 258",72.7718002296532,80.407071492626,-7.63527126297285,FALSE
"Student 259",97.750083861691,83.3189325636077,14.4311512980833,TRUE
"Student 260",71.5879151275383,94.0665157031147,-22.4786005755763,FALSE
"Student 261",73.0643199338271,81.8066373960504,-8.7423174622233,FALSE
"Student 262",84.8132226978928,73.9438740310867,10.869348666806,TRUE
"Student 263",84.8406291478991,74.9933692429706,9.84725990492849,TRUE
"Student 264",74.7591127272361,95.1135863680834,-20.3544736408473,FALSE
"Student 265",88.9410850953627,90.1106299584709,-1.16954486310817,FALSE
"Student 266",88.4425484265791,82.5635278648045,5.87902056177458,TRUE
"Student 267",93.1980938412854,81.0484094428592,12.1496843984262,TRUE
"Student 268",75.809203689436,90.474260892947,-14.6650572035111,FALSE
"Student 269",87.6575790891123,77.153238862421,10.5043402266913,TRUE
"Student 270",85.9956182509395,77.4386822655118,8.55693598542773,TRUE
"Student 271",83.812937231496,83.2541245428183,0.558812688677691,TRUE
"Student 272",82.2326326747219,88.9265381961595,-6.69390552143753,FALSE
"Student 273",93.8243312987076,80.4328327862433,13.3914985124644,TRUE
"Student 274",98.9708239781377,100,-1.02917602186228,FALSE
"Student 275",79.4094731668073,78.9874446557651,0.422028511042214,TRUE
"Student 276",93.8880291720542,73.8118155414907,20.0762136305635,TRUE
"Student 277",78.0634743622862,82.98212216747,-4.91864780518375,FALSE
"Student 278",87.1707504997818,87.9132614098238,-0.742510910041986,FALSE
"Student 279",88.5092211631673,72.9662550775214,15.5429660856459,TRUE
"Student 280",88.3269134297877,88.7195890583721,-0.392675628584399,FALSE
"Student 281",98.5839614895797,66.8324605948052,31.7515008947746,TRUE
"Student 282",92.6639850957772,92.3006380834987,0.36334701227851,TRUE
"Student 283",100,91.6072052635798,8.39279473642023,TRUE
"Student 284",88.2235194515717,86.7692670774173,1.45425237415446,TRUE
"Student 285",94.1027804615925,91.5149241684845,2.58785629310803,TRUE
"Student 286",85.4856334127197,92.0304902633412,-6.54485685062147,FALSE
"Student 287",71.5316809947565,90.5263266311877,-18.9946456364313,FALSE
"Student 288",100,92.3148498916494,7.68515010835056,TRUE
"Student 289",81.1814789045921,90.1227489590819,-8.94127005448985,FALSE
"Student 290",80.1094497667884,99.0677315694634,-18.958281802675,FALSE
"Student 291",74.9259055350298,80.2652887849356,-5.33938324990577,FALSE
"Student 292",90.2289598406812,83.7535247123083,6.47543512837289,TRUE
"Student 293",95.083150484882,86.4062516522141,8.67689883266787,TRUE
"Student 294",97.9561082138222,87.0171989891191,10.9389092247031,TRUE
"Student 295",92.4498911581157,96.0938384308234,-3.64394727270768,FALSE
"Student 296",75.8340164972398,100,-24.1659835027602,FALSE
"Student 297",77.4069595040459,75.667973754159,1.73898574988689,TRUE
"Student 298",78.1806524937989,71.1452674859339,7.035385007865,TRUE
"Student 299",77.9187806780594,66.2492947725307,11.6694859055287,TRUE
"Student 300",96.2182013830299,79.0770452566483,17.1411561263816,TRUE
"Student 301",89.84951895321,90.716447515309,-0.866928562099062,FALSE
"Student 302",94.4546324468778,89.2341137798554,5.22051866702236,TRUE
"Student 303",81.416398965968,83.5566065154375,-2.14020754946952,FALSE
"Student 304",71.6754405559869,68.0826516280298,3.59278892795717,TRUE
"Student 305",95.2834442134665,90.6862227292,4.59722148426647,TRUE
"Student 306",100,68.5921615682421,31.4078384317579,TRUE
"Student 307",87.5153046026382,78.8658002522577,8.64950435038043,TRUE
"Student 308",80.8735343605043,64.7835528264643,16.0899815340399,TRUE
"Student 309",89.2230337177648,70.4017857597949,18.8212479579699,TRUE
"Student 310",79.5432542594583,100,-20.4567457405417,FALSE
"Student 311",79.3775400462349,75.1580341474638,4.21950589877106,TRUE
"Student 312",77.2374373203594,85.5623222630291,-8.32488494266963,FALSE
"Student 313",77.2473393563282,97.2594190636517,-20.0120797073235,FALSE
"Student 314",100,86.0589047689259,13.9410952310741,TRUE
"Student 315",98.1366250560566,87.0443849400627,11.0922401159939,TRUE
"Student 316",100,67.0919994577612,32.9080005422388,TRUE
"Student 317",94.6279236045854,94.8988933005331,-0.270969695947727,FALSE
"Student 318",75.4305987979807,96.0337198787729,-20.6031210807922,FALSE
"Student 319",100,84.1100845019284,15.8899154980716,TRUE
"Student 320",81.5099900387187,70.0897016701359,11.4202883685828,TRUE
"Student 321",83.1222688946973,100,-16.8777311053027,FALSE
"Student 322",100,100,0,FALSE
"Student 323",76.0297144614906,82.232799540774,-6.20308507928335,FALSE
"Student 324",96.3101376769678,97.536526982823,-1.22638930585515,FALSE
"Student 325",77.1829055380978,71.7561719430277,5.42673359507005,TRUE
"Student 326",79.6084922416979,82.9266818573798,-3.3181896156819,FALSE
"Student 327",86.8196338267922,89.7818236961564,-2.96218986936414,FALSE
"Student 328",86.0028752036362,72.1662410676184,13.8366341360178,TRUE
"Student 329",83.0057683556944,77.4689058152229,5.53686254047147,TRUE
"Student 330",83.2262063365724,96.5784177227869,-13.3522113862145,FALSE
"Student 331",95.5364790349426,100,-4.46352096505741,FALSE
"Student 332",86.980435152988,71.630820394195,15.349614758793,TRUE
"Student 333",100,86.2467134343438,13.7532865656562,TRUE
"Student 334",75.3251490318988,75.6421344369683,-0.316985405069531,FALSE
"Student 335",98.728016426108,73.9195345302409,24.8084818958672,TRUE
"Student 336",89.7023128907506,98.2304270860614,-8.52811419531081,FALSE
"Student 337",86.2453232040791,87.5555330528629,-1.31020984878384,FALSE
"Student 338",99.6426910892443,100,-0.357308910755677,FALSE
"Student 339",98.6490508377041,74.497006539918,24.1520442977861,TRUE
"Student 340",91.291873914907,100,-8.70812608509299,FALSE
"Student 341",94.3970495351781,89.7882267134721,4.60882282170591,TRUE
"Student 342",95.0897596068218,78.1618385203999,16.9279210864219,TRUE
"Student 343",97.603142934599,54.7906206371257,42.8125222974734,TRUE
"Student 344",97.5643706010488,100,-2.43562939895125,FALSE
"Student 345",98.2253162896421,88.5186451136523,9.70667117598981,TRUE
"Student 346",78.2000104416239,73.1533705691394,5.04663987248448,TRUE
"Student 347",78.3165496751838,87.0340985651353,-8.7175488899515,FALSE
"Student 348",73.6624147205099,81.5999985265653,-7.93758380605539,FALSE
"Student 349",78.5425684115037,82.0928271300768,-3.55025871857315,FALSE
"Student 350",85.5166977872638,90.7841682830207,-5.26747049575685,FALSE
"Student 351",81.0173170557467,79.4540672076466,1.56324984810004,TRUE
"Student 352",91.355398864161,71.3612599855493,19.9941388786117,TRUE
"Student 353",79.369182893964,87.4626730595079,-8.09349016554394,FALSE
"Student 354",86.3280775740929,100,-13.6719224259071,FALSE
"Student 355",95.2449411443285,89.308974461221,5.93596668310748,TRUE
"Student 356",88.693000519008,99.8704768414663,-11.1774763224583,FALSE
"Student 357",93.0907169803942,76.6962245477692,16.394492432625,TRUE
"Student 358",65.8648748894133,72.809115473585,-6.94424058417168,FALSE
"Student 359",95.0471871337597,72.8574157298252,22.1897714039345,TRUE
"Student 360",93.6809449636455,82.0764427932531,11.6045021703924,TRUE
"Student 361",100,74.8207668384293,25.1792331615707,TRUE
"Student 362",83.5885517758709,80.9874759331755,2.60107584269538,TRUE
"Student 363",80.3445033809029,90.7354828606797,-10.3909794797768,FALSE
"Student 364",86.8447880172732,83.3827884011209,3.46199961615231,TRUE
"Student 365",81.6113934147341,85.3037204099087,-3.69232699517464,FALSE
"Student 366",89.3107358415678,81.8201861050359,7.49054973653192,TRUE
"Student 367",57.1446891287549,89.9697345325163,-32.8250454037614,FALSE
"Student 368",70.7941308533333,74.9204404358914,-4.12630958255814,FALSE
"Student 369",76.5416977026994,77.7445616987677,-1.20286399606834,FALSE
"Student 370",84.5935079007581,83.3155632270082,1.27794467374983,TRUE
"Student 371",90.1014588086007,74.4600103265405,15.6414484820601,TRUE
"Student 372",98.8921590833912,99.6510815268029,-0.758922443411706,FALSE
"Student 373",97.9678706256069,71.9759728019301,25.9918978236768,TRUE
"Student 374",77.2332512611721,100,-22.7667487388279,FALSE
"Student 375",86.8719432012962,90.9444185929747,-4.07247539167854,FALSE
"Student 376",82.8652382874614,86.9966053132062,-4.13136702574481,FALSE
"Student 377",98.9646735171761,89.9810745129822,8.98359900419393,TRUE
"Student 378",92.2491605528385,88.9966859424818,3.25247461035664,TRUE
"Student 379",95.9095897280816,88.8400532674825,7.0695364605991,TRUE
"Student 380",89.7421949049641,97.9050926131905,-8.16289770822637,FALSE
"Student 381",97.8191706127877,91.2149104958722,6.60426011691551,TRUE
"Student 382",90.3999593315036,85.4858772024987,4.91408212900481,TRUE
"Student 383",75.7491025976389,90.3777255772106,-14.6286229795717,FALSE
"Student 384",65.0645817895821,80.5865240457172,-15.521942256135,FALSE
"Student 385",100,76.1993107382987,23.8006892617013,TRUE
"Student 386",74.9142983553697,71.3995901563165,3.51470819905319,TRUE
"Student 387",88.4981792354226,100,-11.5018207645774,FALSE
"Student 388",94.1236132652,85.011523276717,9.11208998848299,TRUE
"Student 389",83.9308720044105,89.5601296034916,-5.62925759908111,FALSE
"Student 390",69.1174666418363,64.5037882970957,4.61367834474068,TRUE
"Student 391",87.032467900311,100,-12.967532099689,FALSE
"Student 392",81.1286792071155,61.9496422683957,19.1790369387198,TRUE
"Student 393",86.3772477121237,86.0717261981347,0.305521513989007,TRUE
"Student 394",84.401741237837,73.2349701053897,11.1667711324473,TRUE
"Student 395",89.8278016212733,95.4106474674833,-5.58284584620998,FALSE
"Student 396",96.8337303283878,92.0087988306934,4.82493149769442,TRUE
"Student 397",100,91.5371396647895,8.46286033521049,TRUE
"Student 398",91.8772925539613,87.2776271483207,4.59966540564062,TRUE
"Student 399",87.4108815293837,77.4305617413423,9.9803197880414,TRUE
"Student 400",98.0157511550327,62.9261865839889,35.0895645710438,TRUE
"Student 401",64.5745389660347,80.4372822071182,-15.8627432410834,FALSE
"Student 402",71.6733842382781,82.7677240980352,-11.0943398597571,FALSE
"Student 403",92.5228596519497,90.0921081976681,2.43075145428155,TRUE
"Student 404",87.3295993466011,100,-12.6704006533989,FALSE
"Student 405",87.1814594738475,89.4384373489343,-2.2569778750868,FALSE
"Student 406",99.5624638809261,62.4421720048599,37.1202918760662,TRUE
"Student 407",87.1711596707907,78.7637973710006,8.40736229979007,TRUE
"Student 408",100,87.875562956647,12.124437043353,TRUE
"Student 409",79.9526620437406,93.3131735215125,-13.3605114777719,FALSE
"Student 410",96.7297802112236,78.2186633615676,18.511116849656,TRUE
"Student 411",81.5612607945233,66.826452264307,14.7348085302163,TRUE
"Student 412",100,88.1306151926819,11.8693848073181,TRUE
"Student 413",79.2460594706944,83.7230719307612,-4.47701246006679,FALSE
"Student 414",93.9289925519701,100,-6.07100744802987,FALSE
"Student 415",94.0899924137273,73.8571800295776,20.2328123841496,TRUE
"Student 416",71.8054080480231,94.4419384172811,-22.6365303692579,FALSE
"Student 417",91.9604091645542,82.7644287452707,9.19598041928356,TRUE
"Student 418",100,93.9887500446649,6.01124995533506,TRUE
"Student 419",84.0227295026011,77.2401497954989,6.78257970710212,TRUE
"Student 420",96.7389565231022,96.573308689698,0.165647833404165,TRUE
"Student 421",83.6215220995436,62.9148769381042,20.7066451614393,TRUE
"Student 422",69.5175110136542,100,-30.4824889863458,FALSE
"Student 423",87.3244147291701,78.4046589272776,8.91975580189249,TRUE
"Student 424",100,96.9198774895931,3.08012251040685,TRUE
"Student 425",100,76.2747025219298,23.7252974780702,TRUE
"Student 426",84.3699044541829,88.2852352054325,-3.91533075124954,FALSE
"Student 427",85.4902019727424,77.1010951127058,8.38910686003652,TRUE
"Student 428",78.5569048842361,81.4967837544825,-2.9398788702464,FALSE
"Student 429",84.4577894638973,87.4450995592222,-2.98731009532497,FALSE
"Student 430",74.8123158089045,75.9293853436614,-1.11706953475688,FALSE
"Student 431",94.3912201950394,68.5561609124055,25.8350592826339,TRUE
"Student 432",81.0651490559006,94.9939823000191,-13.9288332441185,FALSE
"Student 433",75.7606340687651,74.1900484629099,1.57058560585529,TRUE
"Student 434",87.2486412670454,67.4744362893343,19.774204977711,TRUE
"Student 435",76.0562233126776,85.2538050963022,-9.19758178362456,FALSE
"Student 436",95.1194740781712,95.0027370204741,0.116737057697065,TRUE
"Student 437",81.2018260507612,82.1699342191286,-0.968108168367408,FALSE
"Student 438",95.1450616668602,100,-4.85493833313978,FALSE
"Student 439",77.9631344907612,82.356242201016,-4.39310771025487,FALSE
"Student 440",85.2634951649704,96.1755762253905,-10.9120810604201,FALSE
"Student 441",89.6804435845774,80.2843996430254,9.39604394155205,TRUE
"Student 442",95.4044634233387,93.9107856464553,1.49367777688335,TRUE
"Student 443",91.0703061427304,80.160294625063,10.9100115176674,TRUE
"Student 444",100,91.526121923005,8.47387807699505,TRUE
"Student 445",93.9183209965394,89.1987324292595,4.71958856727986,TRUE
"Student 446",72.33007712095,96.0708573626369,-23.7407802416869,FALSE
"Student 447",80.3748336837416,84.8405301150694,-4.46569643132774,FALSE
"Student 448",92.1418304064314,71.3019069339204,20.8399234725109,TRUE
"Student 449",85.6102188335609,99.2082113513887,-13.5979925178278,FALSE
"Student 450",83.0031503222313,100,-16.9968496777687,FALSE
"Student 451",83.5961679138661,92.695863016604,-9.09969510273793,FALSE
"Student 452",84.7688168425695,76.3176900449348,8.45112679763471,TRUE
"Student 453",80.1631658738686,100,-19.8368341261314,FALSE
"Student 454",94.8740917320966,81.5212494864149,13.3528422456817,TRUE
"Student 455",100,80.3700055292445,19.6299944707555,TRUE
"Student 456",83.1279349241963,73.2631656286037,9.86476929559264,TRUE
"Student 457",77.9418284839807,84.3261982609962,-6.38436977701549,FALSE
"Student 458",100,76.8219440985779,23.1780559014221,TRUE
"Student 459",99.0217303868981,72.3193457514638,26.7023846354343,TRUE
"Student 460",92.7135031582525,78.5583746355001,14.1551285227523,TRUE
"Student 461",93.9959564018626,68.7896006420799,25.2063557597826,TRUE
"Student 462",97.495856610543,97.4126448859724,0.0832117245706172,TRUE
"Student 463",88.0402146102131,78.9096312606352,9.13058334957793,TRUE
"Student 464",84.3665956483383,89.0815571909438,-4.71496154260554,FALSE
"Student 465",93.223036423746,95.7845980374224,-2.56156161367642,FALSE
"Student 466",83.206404738412,63.9869792998263,19.2194254385857,TRUE
"Student 467",58.9202540581148,77.4862024679192,-18.5659484098044,FALSE
"Student 468",69.9000884694451,97.8020071325356,-27.9019186630904,FALSE
"Student 469",77.4050671710091,100,-22.5949328289909,FALSE
"Student 470",63.0769703183545,90.2118343708623,-27.1348640525078,FALSE
"Student 471",84.5239279117023,86.5437149458306,-2.01978703412836,FALSE
"Student 472",76.212709459504,79.646590403023,-3.43388094351893,FALSE
"Student 473",76.5224568820482,89.7299263117657,-13.2074694297175,FALSE
"Student 474",80.6387761232033,91.7601192379785,-11.1213431147752,FALSE
"Student 475",83.3874297854471,52.2946308871111,31.092798898336,TRUE
"Student 476",79.7435566996488,84.0076902547456,-4.26413355509681,FALSE
"Student 477",95.9566834661553,69.4805418135145,26.4761416526407,TRUE
"Student 478",71.446744393875,72.5731603084463,-1.12641591457125,FALSE
"Student 479",86.4749286904918,74.5943935571879,11.880535133304,TRUE
"Student 480",81.6746920568166,83.2033377074609,-1.52864565064429,FALSE
"Student 481",92.1761247296464,100,-7.82387527035361,FALSE
"Student 482",100,88.9040750604855,11.0959249395145,TRUE
"Student 483",87.0781461895514,89.8598007953682,-2.78165460581678,FALSE
"Student 484",87.456046962768,92.0981941508674,-4.64214718809941,FALSE
"Student 485",87.4718410340363,90.5329596130709,-3.06111857903461,FALSE
"Student 486",95.5713316880694,82.567053937642,13.0042777504275,TRUE
"Student 487",98.8005793811482,68.5210585318775,30.2795208492707,TRUE
"Student 488",95.6293952247441,88.1168922121626,7.51250301258156,TRUE
"Student 489",88.6606992369501,97.2548374991582,-8.59413826220818,FALSE
"Student 490",87.3202687848377,67.4512056882654,19.8690630965723,TRUE
"Student 491",88.5231701842156,80.9823604928264,7.54080969138919,TRUE
"Student 492",96.0315885469805,68.8160314543394,27.2155570926411,TRUE
"Student 493",82.9009020256373,100,-17.0990979743627,FALSE
"Student 494",90.295655837546,69.656557871294,20.639097966252,TRUE
"Student 495",94.2578425045346,83.1344975438077,11.1233449607268,TRUE
"Student 496",94.4790574479145,91.2228721873116,3.25618526060292,TRUE
"Student 497",88.4023401739152,100,-11.5976598260848,FALSE
"Student 498",85.2785261313046,85.5377265481901,-0.25920041688552,FALSE
"Student 499",97.2359005772516,60.2051781032057,37.0307224740459,TRUE
"Student 500",93.4495813743639,83.5530934225191,9.89648795184475,TRUE
"Student 501",91.4908935649792,97.6840450302629,-6.19315146528373,FALSE
"Student 502",84.9814760729482,86.8776937674661,-1.89621769451793,FALSE
"Student 503",97.6049071396872,85.6512592390982,11.953647900589,TRUE
"Student 504",88.8763861485824,71.7250813560511,17.1513047925313,TRUE
"Student 505",81.0371613269793,76.5383253376031,4.49883598937623,TRUE
"Student 506",96.213476904352,84.0375704069159,12.1759064974362,TRUE
"Student 507",100,76.8768616081098,23.1231383918902,TRUE
"Student 508",87.7597057966821,96.8605559847895,-9.10085018810733,FALSE
"Student 509",95.9660627378316,96.9353647387435,-0.969302000911895,FALSE
"Student 510",88.88248625227,97.4660456630787,-8.58355941080869,FALSE
"Student 511",80.6239025357651,91.471543975127,-10.847641439362,FALSE
"Student 512",96.9717202364773,69.9504959409323,27.0212242955451,TRUE
"Student 513",80.921416866785,84.4160565485202,-3.49463968173519,FALSE
"Student 514",100,90.9128765577422,9.08712344225778,TRUE
"Student 515",73.2866516170641,87.3363182550933,-14.0496666380291,FALSE
"Student 516",85.4242050599086,74.7243612292563,10.6998438306523,TRUE
"Student 517",83.166359557425,72.3272757978782,10.8390837595468,TRUE
"Student 518",90.455156068662,79.402691254812,11.0524648138501,TRUE
"Student 519",80.5832170827285,90.0627923045961,-9.47957522186768,FALSE
"Student 520",100,63.958760337716,36.041239662284,TRUE
"Student 521",78.7315211752023,88.1695985644024,-9.4380773892001,FALSE
"Student 522",87.9600451959734,83.0524175339082,4.90762766206517,TRUE
"Student 523",100,100,0,FALSE
"Student 524",70.8366146678202,100,-29.1633853321798,FALSE
"Student 525",84.065822667065,83.929638370646,0.136184296419046,TRUE
"Student 526",82.0227291523827,74.9909761211471,7.03175303123561,TRUE
"Student 527",99.4359382148139,87.522461536146,11.9134766786679,TRUE
"Student 528",100,89.0078938283464,10.9921061716536,TRUE
"Student 529",67.9751337586144,87.7694295322945,-19.79429577368,FALSE
"Student 530",72.8725655341256,69.4044584046433,3.46810712948229,TRUE
"Student 531",95.1486443773959,94.7233226708481,0.425321706547791,TRUE
"Student 532",93.9389778145996,93.20287230831,0.736105506289562,TRUE
"Student 533",98.6020905817431,78.111103313266,20.4909872684771,TRUE
"Student 534",86.1404670006922,95.6834518341152,-9.54298483342303,FALSE
"Student 535",91.8185728879515,100,-8.18142711204851,FALSE
"Student 536",93.2336564683812,79.9407127665704,13.2929437018109,TRUE
"Student 537",96.2050643889022,84.4392018395102,11.7658625493921,TRUE
"Student 538",91.884888191112,71.8169481763916,20.0679400147204,TRUE
"Student 539",93.8400827998717,72.4647378472436,21.3753449526281,TRUE
"Student 540",97.1294645611071,75.8984578349532,21.2310067261539,TRUE
"Student 541",100,82.7096249644605,17.2903750355395,TRUE
"Student 542",84.9774397909645,95.6293932348917,-10.6519534439272,FALSE
"Student 543",80.8009518974049,90.1393438725304,-9.33839197512546,FALSE
"Student 544",85.3627585571987,95.1352628980384,-9.77250434083973,FALSE
"Student 545",91.5675225798948,90.9537799232481,0.613742656646693,TRUE
"Student 546",93.2863916337325,81.0774010017545,12.208990631978,TRUE
"Student 547",91.0137366446351,81.3469426750693,9.66679396956577,TRUE
"Student 548",97.7382848702462,75.9739113156032,21.764373554643,TRUE
"Student 549",67.677135032803,94.6908399581318,-27.0137049253288,FALSE
"Student 550",99.8161756948207,81.074172883013,18.7420028118077,TRUE
"Student 551",96.388081914355,88.9609184668341,7.42716344752088,TRUE
"Student 552",88.0447691743758,73.4766522245101,14.5681169498657,TRUE
"Student 553",60.9013218664621,86.651907925982,-25.7505860595199,FALSE
"Student 554",74.4550877169142,68.3313854156321,6.12370230128207,TRUE
"Student 555",94.0096126605716,62.5682883660505,31.4413242945211,TRUE
"Student 556",86.0088475894377,92.971902250051,-6.96305466061332,FALSE
"Student 557",81.0569092488068,75.2645721162313,5.79233713257553,TRUE
"Student 558",97.0956369031965,85.7571656834333,11.3384712197633,TRUE
"Student 559",84.7798344433134,82.4333682245706,2.34646621874283,TRUE
"Student 560",90.691621450161,71.3734669957869,19.3181544543741,TRUE
"Student 561",92.3785232758747,78.3666600297887,14.011863246086,TRUE
"Student 562",86.0973735462066,91.0774986247149,-4.98012507850832,FALSE
"Student 563",76.311839303242,84.5152446331704,-8.20340532992837,FALSE
"Student 564",100,81.8502101163465,18.1497898836535,TRUE
"Student 565",94.6525793641368,96.8295396229872,-2.1769602588504,FALSE
"Student 566",89.5321282030996,95.7464738956865,-6.21434569258685,FALSE
"Student 567",89.6698038028858,100,-10.3301961971142,FALSE
"Student 568",100,84.7711372935495,15.2288627064505,TRUE
"Student 569",96.8492680582689,63.0341268482838,33.8151412099851,TRUE
"Student 570",85.79276647924,76.7003902687425,9.09237621049753,TRUE
"Student 571",91.4223926189291,88.8595841936928,2.56280842523631,TRUE
"Student 572",100,85.3426652135114,14.6573347864886,TRUE
"Student 573",96.5272086514604,70.998408028722,25.5288006227384,TRUE
"Student 574",91.2298081373538,97.7603038473343,-6.53049570998049,FALSE
"Student 575",100,68.2524130723212,31.7475869276788,TRUE
"Student 576",100,75.5920034233041,24.4079965766959,TRUE
"Student 577",99.6927768794708,89.6021519498369,10.0906249296339,TRUE
"Student 578",100,60.0187911073059,39.9812088926941,TRUE
"Student 579",94.9142094304473,68.6395924800823,26.274616950365,TRUE
"Student 580",79.4431526554288,80.8322374658175,-1.3890848103887,FALSE
"Student 581",76.8893153666484,78.4039837455376,-1.51466837888913,FALSE
"Student 582",88.7417636122224,84.0758336603553,4.66592995186704,TRUE
"Student 583",91.5331453677087,73.4346674483781,18.0984779193307,TRUE
"Student 584",97.9502688602175,59.1904820927091,38.7597867675085,TRUE
"Student 585",92.4848287124858,87.3226414578931,5.16218725459271,TRUE
"Student 586",83.4784136734079,71.6200482910664,11.8583653823414,TRUE
"Student 587",86.9608563882398,77.919643752005,9.04121263623477,TRUE
"Student 588",63.3468905127164,77.1075216538387,-13.7606311411223,FALSE
"Student 589",92.8150337665923,82.1285557776439,10.6864779889484,TRUE
"Student 590",93.4658082184589,70.9661284652801,22.4996797531788,TRUE
"Student 591",90.8874572515276,81.1742500786691,9.7132071728585,TRUE
"Student 592",87.987865709637,63.9303417605609,24.0575239490761,TRUE
"Student 593",83.3122536097308,70.8001394997008,12.5121141100299,TRUE
"Student 594",92.7382555043418,100,-7.26174449565823,FALSE
"Student 595",98.8183346309267,82.3461055915609,16.4722290393658,TRUE
"Student 596",77.4649813421021,85.6639061288018,-8.19892478669971,FALSE
"Student 597",90.7452621548445,96.8898326620915,-6.14457050724705,FALSE
"Student 598",100,86.9221303412462,13.0778696587538,TRUE
"Student 599",100,100,0,FALSE
"Student 600",74.996507497744,93.3732723162905,-18.3767648185465,FALSE
"Student 601",84.9695828291251,100,-15.0304171708749,FALSE
"Student 602",62.7824248642865,91.6576672243566,-28.87524236007,FALSE
"Student 603",82.5430314366397,69.5730911798238,12.969940256816,TRUE
"Student 604",77.6577018731369,83.4728171042317,-5.81511523109474,FALSE
"Student 605",100,87.4774991239856,12.5225008760144,TRUE
"Student 606",76.32842943227,72.7188987931391,3.60953063913088,TRUE
"Student 607",84.7339974868415,66.7136563530195,18.020341133822,TRUE
"Student 608",73.8382767870015,95.7967078180653,-21.9584310310638,FALSE
"Student 609",87.4215006384566,84.5574565889429,2.86404404951367,TRUE
"Student 610",96.3459993439282,63.8320088672819,32.5139904766462,TRUE
"Student 611",86.7438157401071,61.7872950473392,24.9565206927679,TRUE
"Student 612",69.4380893422342,95.5395335604479,-26.1014442182137,FALSE
"Student 613",85.6451764348846,96.6801985010007,-11.0350220661161,FALSE
"Student 614",84.1750828728758,84.4346478468001,-0.259564973924313,FALSE
"Student 615",100,82.7496544357213,17.2503455642787,TRUE
"Student 616",89.1046878816576,88.5684485387829,0.536239342874723,TRUE
"Student 617",88.5439248694364,79.1721964091795,9.37172846025692,TRUE
"Student 618",70.3714183741774,100,-29.6285816258226,FALSE
"Student 619",88.3753456030552,79.6575566247956,8.71778897825956,TRUE
"Student 620",98.1088402063567,87.9912525596079,10.1175876467488,TRUE
"Student 621",87.9604217912217,82.3832153543932,5.57720643682845,TRUE
"Student 622",78.1613599752226,85.1508343816982,-6.98947440647561,FALSE
"Student 623",95.4085945246961,61.4929031712734,33.9156913534227,TRUE
"Student 624",88.9304375676903,72.7210850730576,16.2093524946327,TRUE
"Student 625",95.9194969600968,90.6900582578037,5.22943870229311,TRUE
"Student 626",93.2643676484462,71.9146501563054,21.3497174921409,TRUE
"Student 627",87.3119536905385,68.0604089305473,19.2515447599912,TRUE
"Student 628",80.3754452587047,98.5027870939175,-18.1273418352128,FALSE
"Student 629",82.3356782899549,89.4892378604488,-7.15355957049393,FALSE
"Student 630",99.2567330086461,88.0172916175645,11.2394413910817,TRUE
"Student 631",84.3514851535805,80.240414129135,4.11107102444544,TRUE
"Student 632",94.6479844170092,75.4645239027868,19.1834605142224,TRUE
"Student 633",88.5711477226519,100,-11.4288522773481,FALSE
"Student 634",95.4138856240087,86.849436734476,8.56444888953273,TRUE
"Student 635",86.3025980662917,93.093088193791,-6.79049012749935,FALSE
"Student 636",96.2452581716191,93.3473351235777,2.89792304804136,TRUE
"Student 637",82.8838018953239,84.7108230751361,-1.82702117981214,FALSE
"Student 638",100,89.3689334851928,10.6310665148072,TRUE
"Student 639",92.3061981271017,98.2396336031989,-5.93343547609724,FALSE
"Student 640",98.6140237180794,78.9668158480779,19.6472078700016,TRUE
"Student 641",77.9710833319036,76.5011482765348,1.46993505536884,TRUE
"Student 642",86.8687921913973,100,-13.1312078086027,FALSE
"Student 643",100,100,0,FALSE
"Student 644",84.7195053444389,88.9342717380594,-4.21476639362044,FALSE
"Student 645",100,65.7292081530146,34.2707918469854,TRUE
"Student 646",91.1612150987565,68.0860847190578,23.0751303796987,TRUE
"Student 647",92.0353617345085,100,-7.96463826549147,FALSE
"Student 648",83.1515770638493,100,-16.8484229361507,FALSE
"Student 649",97.0638290330296,76.2861676023357,20.7776614306939,TRUE
"Student 650",86.8793094207667,82.2731173398273,4.60619208093942,TRUE
"Student 651",100,96.2603614661334,3.7396385338666,TRUE
"Student 652",87.1346168887685,72.3868020966404,14.7478147921281,TRUE
"Student 653",73.7849296819242,81.2685799848463,-7.48365030292207,FALSE
"Student 654",68.092071687385,100,-31.907928312615,FALSE
"Student 655",97.028397773302,100,-2.971602226698,FALSE
"Student 656",84.2887469883287,83.2455462429849,1.04320074534381,TRUE
"Student 657",93.8003512202249,81.238154471505,12.5621967487199,TRUE
"Student 658",90.2313207644293,99.2891564190761,-9.05783565464677,FALSE
"Student 659",95.7480695813191,70.9994070404148,24.7486625409044,TRUE
"Student 660",89.1936845617599,68.7942209206567,20.3994636411031,TRUE
"Student 661",96.941083655496,74.9595135104914,21.9815701450046,TRUE
"Student 662",100,72.8065152444762,27.1934847555238,TRUE
"Student 663",67.0804069460667,83.291255989662,-16.2108490435953,FALSE
"Student 664",76.6768886003273,65.237244269618,11.4396443307094,TRUE
"Student 665",76.2631297966569,97.4890930167515,-21.2259632200946,FALSE
"Student 666",75.7715485424688,100,-24.2284514575312,FALSE
"Student 667",76.3611030532759,78.4375254007192,-2.07642234744324,FALSE
"Student 668",79.3940392946691,74.6556779377466,4.73836135692252,TRUE
"Student 669",72.5829067204792,100,-27.4170932795208,FALSE
"Student 670",74.0728495531527,74.1079842552607,-0.0351347021080102,FALSE
"Student 671",83.6001935449215,84.5701713854293,-0.969977840507781,FALSE
"Student 672",84.0658692641606,93.0809194111447,-9.01505014698412,FALSE
"Student 673",89.3383088404018,85.8510998433171,3.48720899708469,TRUE
"Student 674",91.4788707096191,82.4968635220009,8.98200718761822,TRUE
"Student 675",91.1618512972231,80.1393517414325,11.0224995557906,TRUE
"Student 676",93.0056126018309,83.9721582125575,9.03345438927336,TRUE
"Student 677",90.8080585946436,93.8700236771384,-3.06196508249481,FALSE
"Student 678",83.2676233314487,76.7123025910927,6.55532074035597,TRUE
"Student 679",70.7823454155834,86.0612949175177,-15.2789495019343,FALSE
"Student 680",89.0566449109934,74.1249063643304,14.931738546663,TRUE
"Student 681",90.350250090183,100,-9.64974990981698,FALSE
"Student 682",91.5415869027054,67.9231698960597,23.6184170066457,TRUE
"Student 683",100,75.5410026867991,24.4589973132009,TRUE
"Student 684",100,85.4239839213682,14.5760160786318,TRUE
"Student 685",84.0252262027199,75.0392594928354,8.98596670988448,TRUE
"Student 686",83.81739357438,98.0785524429368,-14.2611588685568,FALSE
"Student 687",82.27518875448,95.1593507824032,-12.8841620279232,FALSE
"Student 688",94.5920113888026,100,-5.40798861119744,FALSE
"Student 689",100,75.1800913111208,24.8199086888792,TRUE
"Student 690",87.6547346886955,100,-12.3452653113045,FALSE
"Student 691",91.2972863687916,91.4911502492658,-0.193863880474169,FALSE
"Student 692",89.5988886852311,86.2839006251852,3.31498806004598,TRUE
"Student 693",99.9123996249705,75.1030104701157,24.8093891548548,TRUE
"Student 694",85.1641447681723,63.3209904605077,21.8431543076646,TRUE
"Student 695",87.0844795386484,80.8417037093566,6.24277582929179,TRUE
"Student 696",89.5046396802694,75.7006452492868,13.8039944309826,TRUE
"Student 697",83.3235128500077,78.1625441674049,5.16096868260284,TRUE
"Student 698",81.6159812005765,86.0389210432482,-4.42293984267178,FALSE
"Student 699",76.351819807463,79.9748035435277,-3.62298373606465,FALSE
"Student 700",82.7978751648777,78.6807588567502,4.11711630812752,TRUE
"Student 701",81.3909638298745,71.3458135324361,10.0451502974384,TRUE
"Student 702",90.369743442248,84.6022238528384,5.76751958940953,TRUE
"Student 703",88.6048817383858,61.352087585387,27.2527941529988,TRUE
"Student 704",93.0159310097692,65.6741456483965,27.3417853613727,TRUE
"Student 705",100,86.7919700325034,13.2080299674966,TRUE
"Student 706",100,77.963235205506,22.036764794494,TRUE
"Student 707",77.3414213052312,100,-22.6585786947688,FALSE
"Student 708",94.1852438357443,81.1095339700178,13.0757098657266,TRUE
"Student 709",86.0735406148002,100,-13.9264593851998,FALSE
"Student 710",89.3240488962623,87.1742523901907,2.14979650607161,TRUE
"Student 711",93.5960460254157,85.8018489995867,7.79419702582896,TRUE
"Student 712",90.7154127485162,66.2563843430489,24.4590284054673,TRUE
"Student 713",78.0138850509045,96.3634376373838,-18.3495525864793,FALSE
"Student 714",80.5815363888656,80.8848665526334,-0.303330163767811,FALSE
"Student 715",77.7285321427388,90.9454203713345,-13.2168882285957,FALSE
"Student 716",83.8038556795196,89.8184490724274,-6.01459339290783,FALSE
"Student 717",79.7643809663171,81.4127098091298,-1.64832884281269,FALSE
"Student 718",91.0075708019111,95.4678087213803,-4.46023791946921,FALSE
"Student 719",84.5196307659385,72.9852527829917,11.5343779829469,TRUE
"Student 720",90.3618253145578,100,-9.63817468544218,FALSE
"Student 721",95.7203243858782,87.6574317534658,8.06289263241247,TRUE
"Student 722",100,76.5496758730621,23.4503241269379,TRUE
"Student 723",76.3984851388578,82.6583756887027,-6.25989054984488,FALSE
"Student 724",93.8177135671257,76.2974795779596,17.520233989166,TRUE
"Student 725",100,90.5076294250173,9.49237057498273,TRUE
"Student 726",90.9269988088324,91.6839616440548,-0.75696283522241,FALSE
"Student 727",100,89.1595092317528,10.8404907682472,TRUE
"Student 728",77.2946388273786,89.866038979471,-12.5714001520925,FALSE
"Student 729",88.4801440695878,75.0486935681086,13.4314505014792,TRUE
"Student 730",78.8011161112769,100,-21.1988838887231,FALSE
"Student 731",97.1294637975715,89.345953318057,7.78351047951458,TRUE
"Student 732",88.3055838319035,75.4063549640108,12.8992288678927,TRUE
"Student 733",95.5422732898421,80.6601590722418,14.8821142176003,TRUE
"Student 734",88.6599634872551,85.8311072351639,2.8288562520912,TRUE
"Student 735",90.6780316281886,74.677129320627,16.0009023075616,TRUE
"Student 736",100,73.9092608148594,26.0907391851406,TRUE
"Student 737",83.0006464758878,100,-16.9993535241122,FALSE
"Student 738",96.7354368526697,88.7231149847848,8.01232186788486,TRUE
"Student 739",85.0809821065294,95.6252556304618,-10.5442735239323,FALSE
"Student 740",97.7503515777503,98.5384849916964,-0.788133413946142,FALSE
"Student 741",90.9542713302392,84.9166904277605,6.03758090247867,TRUE
"Student 742",75.6468776720502,79.1588240050468,-3.51194633299657,FALSE
"Student 743",100,75.6056424404631,24.3943575595369,TRUE
"Student 744",92.0537876217188,77.1791729284442,14.8746146932746,TRUE
"Student 745",95.0518437873788,87.9970609278865,7.05478285949226,TRUE
"Student 746",75.1781221878827,80.3503516515306,-5.17222946364798,FALSE
"Student 747",86.9256521736505,96.0248862499527,-9.09923407630214,FALSE
"Student 748",81.5822387791045,62.925119021908,18.6571197571965,TRUE
"Student 749",81.8347958633204,100,-18.1652041366796,FALSE
"Student 750",93.2790409875666,87.7969374455993,5.48210354196729,TRUE
"Student 751",80.0791473990972,87.8192146377732,-7.74006723867602,FALSE
"Student 752",68.9378371722506,97.187616685423,-28.2497795131724,FALSE
"Student 753",97.2361347139237,100,-2.76386528607628,FALSE
"Student 754",95.6389974523515,75.5996403741681,20.0393570781834,TRUE
"Student 755",70.2860786101568,91.0107930730623,-20.7247144629055,FALSE
"Student 756",89.0106942384958,100,-10.9893057615042,FALSE
"Student 757",78.4371797054038,99.5616858435409,-21.1245061381371,FALSE
"Student 758",91.3078359466653,85.9306312832898,5.37720466337552,TRUE
"Student 759",83.0916196671229,88.7967315809874,-5.7051119138645,FALSE
"Student 760",73.6084917028316,100,-26.3915082971684,FALSE
"Student 761",94.5154441257148,78.5822009462605,15.9332431794544,TRUE
"Student 762",88.2451937863996,77.7525597430385,10.4926340433611,TRUE
"Student 763",78.8069891533653,93.7393144550502,-14.9323253016849,FALSE
"Student 764",95.7608615518221,92.6571598695673,3.10370168225479,TRUE
"Student 765",94.1437853210837,85.7526511754067,8.39113414567696,TRUE
"Student 766",89.5612711032423,81.7725734985684,7.78869760467383,TRUE
"Student 767",92.6182268057029,90.8113655919828,1.8068612137201,TRUE
"Student 768",93.004702268364,88.4630217725396,4.54168049582437,TRUE
"Student 769",100,91.273557344798,8.72644265520198,TRUE
"Student 770",93.4559630590268,80.4074625748047,13.048500484222,TRUE
"Student 771",78.541451369511,76.0584433807218,2.48300798878915,TRUE
"Student 772",82.2250835214081,62.818912505376,19.4061710160321,TRUE
"Student 773",63.9675892386495,79.8397334856016,-15.8721442469521,FALSE
"Student 774",93.4427618830229,97.0610365156377,-3.61827463261477,FALSE
"Student 775",92.8796390339451,100,-7.1203609660549,FALSE
"Student 776",92.287766711371,97.1229606515861,-4.83519394021502,FALSE
"Student 777",86.7664934614713,95.0109331967391,-8.24443973526773,FALSE
"Student 778",86.5053254915496,97.9283728998554,-11.4230474083057,FALSE
"Student 779",88.9293122048988,86.6798559023286,2.24945630257021,TRUE
"Student 780",87.2669153410122,87.4749899341291,-0.208074593116933,FALSE
"Student 781",85.7417875967159,100,-14.2582124032841,FALSE
"Student 782",79.7354671731437,100,-20.2645328268563,FALSE
"Student 783",92.3474783644062,94.3872020467255,-2.03972368231925,FALSE
"Student 784",90.6913364870764,81.8138093515712,8.8775271355052,TRUE
"Student 785",74.8598580979682,93.5948983365822,-18.735040238614,FALSE
"Student 786",90.5320744111688,79.4473808997047,11.0846935114642,TRUE
"Student 787",82.9259086335651,90.4320566629758,-7.50614802941071,FALSE
"Student 788",71.0052517012438,91.4845403985795,-20.4792886973357,FALSE
"Student 789",93.7212162495629,82.6167490918375,11.1044671577254,TRUE
"Student 790",100,68.2274559835024,31.7725440164976,TRUE
"Student 791",91.5912789847278,84.1633454201566,7.42793356457123,TRUE
"Student 792",92.9833937913276,85.4484226624523,7.53497112887528,TRUE
"Student 793",69.2913891149322,97.0419754330262,-27.7505863180939,FALSE
"Student 794",85.3849388518083,100,-14.6150611481917,FALSE
"Student 795",76.631292332036,85.0895928118116,-8.45830047977562,FALSE
"Student 796",77.3468205760892,100,-22.6531794239108,FALSE
"Student 797",89.8300650340501,76.1556546929308,13.6744103411193,TRUE
"Student 798",91.8912049716362,100,-8.1087950283638,FALSE
"Student 799",90.2691597174668,82.553985356297,7.71517436116983,TRUE
"Student 800",93.881426227549,81.4664242580056,12.4150019695434,TRUE
"Student 801",84.141101758855,60.7007348071475,23.4403669517075,TRUE
"Student 802",96.7502363876682,93.4931956149236,3.25704077274459,TRUE
"Student 803",89.5063289578164,53.6298023262381,35.8765266315782,TRUE
"Student 804",78.6598570763433,100,-21.3401429236567,FALSE
"Student 805",70.6804314646348,95.5626618838009,-24.8822304191661,FALSE
"Student 806",92.4306982983896,73.5604022462875,18.8702960521021,TRUE
"Student 807",76.4116231677705,77.6595515598905,-1.24792839212002,FALSE
"Student 808",100,90.8467408623187,9.15325913768127,TRUE
"Student 809",86.1059026200533,77.2455991090392,8.86030351101415,TRUE
"Student 810",73.8257461730006,76.4484119066823,-2.62266573368174,FALSE
"Student 811",97.0602218336027,100,-2.93977816639733,FALSE
"Student 812",92.3930278604854,93.152926371221,-0.759898510735553,FALSE
"Student 813",82.1809237097856,87.2971511241987,-5.11622741441312,FALSE
"Student 814",82.2753888545089,100,-17.7246111454911,FALSE
"Student 815",74.6335055127739,100,-25.3664944872261,FALSE
"Student 816",66.0306431844602,90.5581536509363,-24.5275104664761,FALSE
"Student 817",100,93.1762115404104,6.82378845958955,TRUE
"Student 818",88.9179362006741,82.1088436256653,6.80909257500886,TRUE
"Student 819",98.302428913802,67.2806751605007,31.0217537533013,TRUE
"Student 820",80.5843902921639,70.4369352835678,10.1474550085961,TRUE
"Student 821",100,91.7613095499322,8.23869045006782,TRUE
"Student 822",95.9093378519781,100,-4.09066214802189,FALSE
"Student 823",80.9030213555999,81.6366536409994,-0.733632285399494,FALSE
"Student 824",92.2819259241323,73.6453899699953,18.636535954137,TRUE
"Student 825",75.2400127046621,77.2021356557844,-1.96212295112225,FALSE
"Student 826",84.4376594681116,86.3014015910111,-1.86374212289944,FALSE
"Student 827",84.0693060622565,73.816682952913,10.2526231093434,TRUE
"Student 828",74.4974991764997,96.7660364498119,-22.2685372733123,FALSE
"Student 829",87.6089476670696,84.7657226198431,2.84322504722648,TRUE
"Student 830",100,81.8988581033488,18.1011418966512,TRUE
"Student 831",89.861561303747,89.8063228751117,0.0552384286353345,TRUE
"Student 832",80.8486532542893,85.6426949457948,-4.79404169150546,FALSE
"Student 833",100,92.447241124928,7.552758875072,TRUE
"Student 834",87.6726474057778,92.3315842810251,-4.65893687524725,FALSE
"Student 835",100,72.6095907502797,27.3904092497203,TRUE
"Student 836",84.4686840657328,80.6194480674573,3.8492359982755,TRUE
"Student 837",82.4186717228275,82.7044343727247,-0.285762649897208,FALSE
"Student 838",80.5065151534139,89.2333612596999,-8.72684610628606,FALSE
"Student 839",87.6990035912413,80.5060571281368,7.19294646310448,TRUE
"Student 840",98.7681062962147,91.4746182622968,7.29348803391794,TRUE
"Student 841",79.9099298713831,70.2395701638636,9.67035970751949,TRUE
"Student 842",90.0222559335936,68.7483109805837,21.2739449530099,TRUE
"Student 843",82.5094275868176,76.384619226129,6.12480836068862,TRUE
"Student 844",94.2010474257634,92.1100998068127,2.09094761895064,TRUE
"Student 845",84.2480946057496,80.7276521476605,3.52044245808912,TRUE
"Student 846",100,80.7055905241479,19.2944094758521,TRUE
"Student 847",87.671437088919,74.9949902914556,12.6764467974634,TRUE
"Student 848",76.1655000022333,100,-23.8344999977667,FALSE
"Student 849",73.5063922077383,94.3093772653943,-20.802985057656,FALSE
"Student 850",100,82.3080960102915,17.6919039897085,TRUE
"Student 851",100,100,0,FALSE
"Student 852",88.9529689807523,87.4097734250235,1.54319555572876,TRUE
"Student 853",79.6640143080137,60.7916273768426,18.8723869311711,TRUE
"Student 854",95.4270121484942,99.453180473439,-4.02616832494483,FALSE
"Student 855",81.9394476796939,74.7148205308699,7.22462714882394,TRUE
"Student 856",93.8349714585962,66.9823203630638,26.8526510955324,TRUE
"Student 857",82.6310203368059,95.1443641218432,-12.5133437850373,FALSE
"Student 858",80.8457063190259,61.4283777526882,19.4173285663377,TRUE
"Student 859",87.7605403861825,94.5016916971213,-6.74115131093875,FALSE
"Student 860",86.0774333908162,80.1441364658796,5.93329692493653,TRUE
"Student 861",100,63.0911530903887,36.9088469096113,TRUE
"Student 862",75.647210982248,73.6652314373066,1.98197954494147,TRUE
"Student 863",100,63.4403748281526,36.5596251718474,TRUE
"Student 864",90.6236963981866,88.6532638784121,1.97043251977453,TRUE
"Student 865",96.7135770805141,67.9475205238855,28.7660565566286,TRUE
"Student 866",84.2443584636274,83.6172075553965,0.627150908230945,TRUE
"Student 867",79.2293799570203,89.9066552420303,-10.67727528501,FALSE
"Student 868",68.3289191414713,91.4202387332603,-23.091319591789,FALSE
"Student 869",85.2403713549092,92.5678665743374,-7.32749521942824,FALSE
"Student 870",100,84.5325998530152,15.4674001469848,TRUE
"Student 871",65.9053598353531,80.6255828220046,-14.7202229866515,FALSE
"Student 872",96.525792411015,94.2994244275537,2.22636798346133,TRUE
"Student 873",97.3049294812626,87.8327056814592,9.47222379980346,TRUE
"Student 874",96.2230186373302,71.173768950695,25.0492496866352,TRUE
"Student 875",84.2779325525899,90.0258285515755,-5.74789599898558,FALSE
"Student 876",83.922272305009,85.0105307176143,-1.08825841260527,FALSE
"Student 877",99.0891724369538,89.6383180775217,9.45085435943213,TRUE
"Student 878",100,66.8932223353038,33.1067776646962,TRUE
"Student 879",90.3579482958975,86.8120276953048,3.54592060059269,TRUE
"Student 880",78.8393171794001,94.0266270041122,-15.1873098247121,FALSE
"Student 881",89.6465237382991,87.5418491540803,2.10467458421876,TRUE
"Student 882",95.1372806681522,87.9181040291304,7.21917663902182,TRUE
"Student 883",74.4562907932963,83.8560219891769,-9.39973119588058,FALSE
"Student 884",84.5445443186337,82.1676721899136,2.37687212872007,TRUE
"Student 885",83.7292117953429,70.1728295854395,13.5563822099035,TRUE
"Student 886",100,87.015153224182,12.984846775818,TRUE
"Student 887",98.2926755030744,73.4393420830299,24.8533334200446,TRUE
"Student 888",71.1551320775707,90.3726193225938,-19.2174872450231,FALSE
"Student 889",97.3363231662922,99.2496497120929,-1.91332654580077,FALSE
"Student 890",100,72.4919917382871,27.5080082617129,TRUE
"Student 891",89.4813872406143,66.1337708100721,23.3476164305422,TRUE
"Student 892",90.0795701228774,85.8040535412374,4.27551658164003,TRUE
"Student 893",85.3556511678357,86.852448881919,-1.49679771408336,FALSE
"Student 894",90.2242530645152,91.239125948388,-1.01487288387284,FALSE
"Student 895",89.3464729253229,89.1305089155487,0.215964009774211,TRUE
"Student 896",89.6160644739519,100,-10.3839355260481,FALSE
"Student 897",87.1610055147793,84.3469053825114,2.8141001322679,TRUE
"Student 898",98.6459773296111,88.7413150174572,9.90466231215393,TRUE
"Student 899",79.2772264784865,91.6395385630051,-12.3623120845187,FALSE
"Student 900",91.2174562113006,99.6825465699612,-8.46509035866063,FALSE
"Student 901",96.4057149749033,78.3634201287829,18.0422948461204,TRUE
"Student 902",94.4398651349539,89.0546104285691,5.38525470638486,TRUE
"Student 903",83.6670819457023,93.8810775180762,-10.2139955723739,FALSE
"Student 904",95.3042337387541,72.4228445832451,22.881389155509,TRUE
"Student 905",85.3892331785717,89.138112955021,-3.74887977644921,FALSE
"Student 906",91.1680613016654,91.3225137526214,-0.154452450956015,FALSE
"Student 907",81.9433034159568,85.0675943918286,-3.12429097587179,FALSE
"Student 908",83.8861119992071,54.7246512895954,29.1614607096117,TRUE
"Student 909",73.2918577164923,97.2658412517175,-23.9739835352251,FALSE
"Student 910",88.70414889472,89.9905610011628,-1.28641210644281,FALSE
"Student 911",78.884034496945,84.7858736896578,-5.90183919271277,FALSE
"Student 912",83.6241269643162,100,-16.3758730356838,FALSE
"Student 913",83.1975526016577,61.5567685425459,21.6407840591118,TRUE
"Student 914",77.4143073872078,95.4305365053009,-18.0162291180931,FALSE
"Student 915",92.4851980821353,89.7796651784895,2.70553290364579,TRUE
"Student 916",97.5866653969519,91.2610408954479,6.325624501504,TRUE
"Student 917",72.0506947395229,89.1371284476228,-17.0864337080999,FALSE
"Student 918",82.4159793459603,93.5890796202841,-11.1731002743238,FALSE
"Student 919",80.0772862403038,87.7288216391994,-7.65153539889552,FALSE
"Student 920",87.4444956202182,90.6641711666451,-3.21967554642686,FALSE
"Student 921",97.9391229565234,76.7584537484057,21.1806692081178,TRUE
"Student 922",87.3591773963777,66.7953284840587,20.563848912319,TRUE
"Student 923",100,89.1669477769951,10.8330522230049,TRUE
"Student 924",89.3811264473587,85.930274677522,3.45085176983667,TRUE
"Student 925",74.5083076535897,94.1251168357767,-19.616809182187,FALSE
"Student 926",77.2957200976679,69.3479621520442,7.94775794562361,TRUE
"Student 927",76.9326634223342,92.7654937766573,-15.8328303543231,FALSE
"Student 928",84.4502019430863,75.8229926762988,8.62720926678746,TRUE
"Student 929",92.384978298385,76.5990668677508,15.7859114306342,TRUE
"Student 930",100,95.284150002711,4.71584999728904,TRUE
"Student 931",87.7692211648033,81.9438628724337,5.82535829236957,TRUE
"Student 932",82.7098081669446,97.672664520203,-14.9628563532584,FALSE
"Student 933",71.689262135917,72.5509958364343,-0.861733700517277,FALSE
"Student 934",86.5717226515055,94.5089645054393,-7.93724185393384,FALSE
"Student 935",81.4718855325302,100,-18.5281144674698,FALSE
"Student 936",88.0736449060105,82.9887424082556,5.0849024977549,TRUE
"Student 937",60.9271141102692,92.4751276642341,-31.5480135539649,FALSE
"Student 938",95.6866957942057,92.4370581143778,3.2496376798279,TRUE
"Student 939",82.662000410057,96.7598415755214,-14.0978411654643,FALSE
"Student 940",92.4498897876403,90.6969030243771,1.75298676326314,TRUE
"Student 941",85.7695957537922,70.161072564669,15.6085231891232,TRUE
"Student 942",76.8565845308594,91.661800835878,-14.8052163050185,FALSE
"Student 943",85.0633758971494,90.9139943180641,-5.8506184209147,FALSE
"Student 944",92.6966856209705,90.1381079989749,2.55857762199564,TRUE
"Student 945",85.598495345381,93.3305122141575,-7.7320168687765,FALSE
"Student 946",93.64579035874,78.6995407066316,14.9462496521084,TRUE
"Student 947",75.7825715907567,90.4554509039107,-14.672879313154,FALSE
"Student 948",75.4035985704126,77.0309165913587,-1.62731802094613,FALSE
"Student 949",100,47.185768010374,52.814231989626,TRUE
"Student 950",86.4797547098524,87.1495584876135,-0.669803777761118,FALSE
"Student 951",97.4514015387305,100,-2.54859846126951,FALSE
"Student 952",86.5792014828559,72.9907943159541,13.5884071669018,TRUE
"Student 953",56.5522270232794,75.8505128990679,-19.2982858757885,FALSE
"Student 954",75.7284339936494,86.6543524005497,-10.9259184069003,FALSE
"Student 955",90.1117892316457,91.7008999543057,-1.58911072266002,FALSE
"Student 956",100,60.8696261892363,39.1303738107637,TRUE
"Student 957",96.1075814544522,100,-3.89241854554783,FALSE
"Student 958",80.8174662454988,71.4516052755309,9.3658609699679,TRUE
"Student 959",93.800229740636,98.4857299371549,-4.68550019651894,FALSE
"Student 960",74.7869023404507,56.6148032699619,18.1720990704888,TRUE
"Student 961",95.3636440220893,91.4462909498979,3.9173530721914,TRUE
"Student 962",100,79.4178419752917,20.5821580247083,TRUE
"Student 963",98.1115266970078,86.1783497787907,11.9331769182171,TRUE
"Student 964",72.4398533743427,78.6315019339183,-6.19164855957563,FALSE
"Student 965",93.9265224894009,67.3552876083601,26.5712348810408,TRUE
"Student 966",69.9340123104357,92.7360143525577,-22.8020020421219,FALSE
"Student 967",98.8267083177338,100,-1.17329168226618,FALSE
"Student 968",65.8372503360668,84.6575052788207,-18.820254942754,FALSE
"Student 969",85.096379956456,88.8589576421016,-3.76257768564552,FALSE
"Student 970",100,89.9925248206655,10.0074751793345,TRUE
"Student 971",82.4554663469444,100,-17.5445336530556,FALSE
"Student 972",86.2303205312495,84.175188242128,2.05513228912145,TRUE
"Student 973",87.141815628172,100,-12.858184371828,FALSE
"Student 974",83.3853515393422,100,-16.6146484606578,FALSE
"Student 975",80.3623855446486,100,-19.6376144553514,FALSE
"Student 976",87.0095678322609,73.1678070874834,13.8417607447775,TRUE
"Student 977",90.8543122613536,86.7004729027979,4.15383935855576,TRUE
"Student 978",79.8606652569532,91.7256481250496,-11.8649828680964,FALSE
"Student 979",96.4166843527931,82.3870543518804,14.0296300009127,TRUE
"Student 980",88.4799359727182,100,-11.5200640272818,FALSE
"Student 981",92.3009130018685,81.0436094701372,11.2573035317314,TRUE
"Student 982",77.0663915820125,72.9266941950031,4.13969738700943,TRUE
"Student 983",92.8220439189939,89.2837985966791,3.53824532231484,TRUE
"Student 984",75.1949194858627,82.9715546632447,-7.77663517738203,FALSE
"Student 985",100,93.7974411191775,6.20255888082254,TRUE
"Student 986",96.1642859564853,55.7931617267654,40.3711242297199,TRUE
"Student 987",97.9117280828391,98.8928092226351,-0.981081139795933,FALSE
"Student 988",84.112152187041,92.1631195408003,-8.05096735375926,FALSE
"Student 989",87.1050959142611,82.0078395716431,5.09725634261798,TRUE
"Student 990",75.0919256543289,69.1587053800129,5.93322027431596,TRUE
"Student 991",85.5643629805923,76.0030113926366,9.56135158795571,TRUE
"Student 992",96.3093592173113,100,-3.69064078268866,FALSE
"Student 993",100,89.1157927080281,10.8842072919719,TRUE
"Student 994",84.1117102833885,84.6411513283952,-0.529441045006749,FALSE
"Student 995",93.302935948868,96.4490806504701,-3.14614470160214,FALSE
"Student 996",72.2690096447249,64.3186587973485,7.95035084737637,TRUE
"Student 997",93.1307295796975,86.5048822587549,6.62584732094254,TRUE
"Student 998",87.8870669939554,86.8926658471354,0.994401146819982,TRUE
"Student 999",98.5530294097146,82.3460782284391,16.2069511812755,TRUE
"Student 1000",82.7859130627289,87.7148639634718,-4.92895090074295,FALSE
